foundation,perm,status,R_median,R_q2.5,R_q97.5
Authority,0,ok,0.002779797035648352,4.811257697902971e-06,0.029996722527403465
Authority,1,ok,0.001573325314580974,2.6409285677985106e-06,0.018985983882526074
Authority,2,ok,0.0017941173173509847,4.842141059963316e-06,0.020057406327798743
Authority,3,ok,0.0019113225550945229,4.6468870703857865e-06,0.021856539675431722
Authority,4,ok,0.002838146986896152,7.580797685848053e-06,0.028479863598071344
Authority,5,ok,0.004237903876070958,5.714653542989496e-06,0.040321715700628126
Authority,6,ok,0.0022207609367413984,4.680595946604971e-06,0.024449156002215946
Authority,7,ok,0.0017901572980527371,4.077894441529609e-06,0.02105814271584994
Authority,8,ok,0.0016179814924195846,5.259213277413878e-06,0.01763788799958419
Authority,9,ok,0.001482551216093926,2.789879803816858e-06,0.017316750023730895
Authority,10,ok,0.0017372162005517859,3.962688748376586e-06,0.020737831749041497
Authority,11,ok,0.003924921462067467,1.0282816158080078e-05,0.03990956356399951
Authority,12,ok,0.0021774725552991987,6.377388545491087e-06,0.0250163044366571
Authority,13,ok,0.0016014171101642186,5.068610179983239e-06,0.018040280451344586
Authority,14,ok,0.0017807743373172108,3.4130860067380967e-06,0.018859893403594105
Authority,15,ok,0.0019956475679678886,7.4593237945311596e-06,0.024266739328991913
Authority,16,ok,0.0028702003186864816,6.233216378400515e-06,0.029379966514289865
Authority,17,ok,0.004361392942632051,1.0723920445631178e-05,0.03917297428953848
Authority,18,ok,0.003285932884142873,6.402286505304982e-06,0.03378983547883102
Authority,19,ok,0.001885659650712088,3.696239919295674e-06,0.02238830591783621
Authority,20,ok,0.0018518783025743848,3.7418595469837624e-06,0.02104313305035241
Authority,21,ok,0.00393859089338383,1.322648232390788e-05,0.0363693623243947
Authority,22,ok,0.003132566412099332,7.304239206250041e-06,0.03216145067997106
Authority,23,ok,0.0012480684496984616,3.42961102225708e-06,0.013729554055700113
Authority,24,ok,0.001529961817398329,3.805687861955599e-06,0.0171892449346731
Authority,25,ok,0.0037198303753625296,1.01853767707898e-05,0.03914695751690071
Authority,26,ok,0.002785451902220467,6.256996915515149e-06,0.02945555870060353
Authority,27,ok,0.001588329104823786,4.035752663394999e-06,0.020188390556407664
Authority,28,ok,0.002895878886774113,8.404163566783732e-06,0.030882417843260037
Authority,29,ok,0.0021375958151313877,5.256445684741066e-06,0.02315321453262429
Authority,30,ok,0.002420910694399047,6.0620633387758175e-06,0.027546875280138
Authority,31,ok,0.002372286277692857,6.694441813238935e-06,0.02583122017024652
Authority,32,ok,0.004289575494026877,9.711174761812398e-06,0.040765464137134534
Authority,33,ok,0.0018435951060090027,1.6446758467806763e-06,0.021745266233636762
Authority,34,ok,0.002634786666924389,7.59881159790077e-06,0.027304897509522297
Authority,35,ok,0.0022498177182526512,5.020444391849068e-06,0.025518910675487883
Authority,36,ok,0.001949209089069912,4.2086951104607625e-06,0.02263496379044144
Authority,37,ok,0.00267071490900264,5.396234885541629e-06,0.02957689282281281
Authority,38,ok,0.0016551137604684143,4.883422363382733e-06,0.017596837946604375
Authority,39,ok,0.0025774380689473127,5.964711041773652e-06,0.029740043095327733
Authority,40,ok,0.0021921845752935778,7.1995705183599005e-06,0.02439944885119926
Authority,41,ok,0.002388373454241001,4.045882399157547e-06,0.027813529527906566
Authority,42,ok,0.0014527126050767206,3.5492842077091136e-06,0.01741018852768527
Authority,43,ok,0.001776766752871591,5.635854007367473e-06,0.019944526200782384
Authority,44,ok,0.0017512640812986239,3.3322803661497105e-06,0.020132855557173614
Authority,45,ok,0.001950203820165352,5.395413372028087e-06,0.02016580734439627
Authority,46,ok,0.003157470263329862,9.878783015616707e-06,0.02973841335186528
Authority,47,ok,0.008084525274716781,2.8268175503107165e-05,0.05978258054797609
Authority,48,ok,0.00336684782047967,8.606484880271839e-06,0.03212201939121374
Authority,49,ok,0.002559598395952189,5.242125982224633e-06,0.028378702576584265
Authority,50,ok,0.006385433573505081,1.8867055503419678e-05,0.04912602104079611
Authority,51,ok,0.005430471795794842,9.454868287106136e-06,0.04459037369110024
Authority,52,ok,0.001794640077251037,3.742070571751703e-06,0.0214992624388729
Authority,53,ok,0.0018628746469968069,5.0549707701408975e-06,0.02104545896312789
Authority,54,ok,0.003194370040421243,7.020706220854872e-06,0.03212435683608154
Authority,55,ok,0.0024504528338496327,5.611489783184594e-06,0.025952982407722987
Authority,56,ok,0.0014236831460300078,2.256650949772061e-06,0.016809202876500094
Authority,57,ok,0.003414837778349212,6.9040886121631465e-06,0.03474360213794857
Authority,58,ok,0.0018583516039274825,4.096773110121426e-06,0.019937077855050795
Authority,59,ok,0.001880916623885193,4.230219110859602e-06,0.02264393489302665
Authority,60,ok,0.0024348370076817715,5.8255056185961064e-06,0.02755109897880624
Authority,61,ok,0.002043800794562534,3.5917166141976536e-06,0.0218483977180593
Authority,62,ok,0.0022319801747336227,4.630563769206312e-06,0.026126544475556603
Authority,63,ok,0.001596910891481955,3.8224677928512405e-06,0.01737657655556789
Authority,64,ok,0.0024696565169242753,3.098731625149976e-06,0.025037298381545357
Authority,65,ok,0.0012563961376708891,2.497349646609521e-06,0.01650152880345231
Authority,66,ok,0.004209405310377434,7.790989890921946e-06,0.0405934806626819
Authority,67,ok,0.006864779302517312,2.308163387011692e-05,0.0529226755569865
Authority,68,ok,0.0018916230821295764,4.395925360492048e-06,0.021749665361221103
Authority,69,ok,0.017554071406558,6.220122346357068e-05,0.08360352765474044
Authority,70,ok,0.001811614751071021,4.497401248024879e-06,0.021510983541169027
Authority,71,ok,0.0025922654795538036,7.830785755819671e-06,0.02729937109617327
Authority,72,ok,0.0027622478725235133,5.002330674570232e-06,0.02771290728097305
Authority,73,ok,0.0014082110293919905,2.7424253555826557e-06,0.017216076737370734
Authority,74,ok,0.0012993477294781807,2.796157214852349e-06,0.01562694032732579
Authority,75,ok,0.001863860555421194,5.180656266289637e-06,0.02257777336718932
Authority,76,ok,0.0014642771373480066,2.3054336740127232e-06,0.017488564749450562
Authority,77,ok,0.004227928818994657,1.0229317028653804e-05,0.03955818833078177
Authority,78,ok,0.001937432078822702,3.844472094125316e-06,0.023573833011730258
Authority,79,ok,0.0014703232717261138,2.3881284178532914e-06,0.017008876392788336
Authority,80,ok,0.001317117412666296,3.870924043375033e-06,0.017087192789132125
Authority,81,ok,0.0014383261463831979,3.321255851610482e-06,0.017373590718855827
Authority,82,ok,0.005455088217050397,1.9638788846181997e-05,0.04951835083472109
Authority,83,ok,0.006755159737611032,1.9861182177373276e-05,0.05256029287177397
Authority,84,ok,0.0015823558975941203,3.4742800880155546e-06,0.01837155867975036
Authority,85,ok,0.0016395053632719749,4.868762298971412e-06,0.01948829794146364
Authority,86,ok,0.0015942508541278606,3.027072920422034e-06,0.01957535091508615
Authority,87,ok,0.0027387844753346043,3.7069373946579688e-06,0.030871602732637157
Authority,88,ok,0.00192090172100572,3.628616942321373e-06,0.020761251289635196
Authority,89,ok,0.002104850443014906,5.902600396104873e-06,0.024502039805662672
Authority,90,ok,0.0027366486103611648,3.565029143306507e-06,0.03049965729785428
Authority,91,ok,0.002056685199170876,3.972846182755305e-06,0.02357316616886838
Authority,92,ok,0.00227558881566924,4.403489340471568e-06,0.026009933300762657
Authority,93,ok,0.0033280065194816254,4.882595962627053e-06,0.033137993371564006
Authority,94,ok,0.001825973410891109,3.290455172043362e-06,0.020994318833322638
Authority,95,ok,0.0015676345223621505,3.894806010994191e-06,0.01836057039437036
Authority,96,ok,0.0022439376586121797,6.568646402898718e-06,0.02525703400109028
Authority,97,ok,0.0016450731558927674,4.2550739163255545e-06,0.017963517265863507
Authority,98,ok,0.0017043938477222433,2.333614729495686e-06,0.021348401815421823
Authority,99,ok,0.0017375847180225545,3.87127589494689e-06,0.01985681189083497
Care,0,ok,0.0020766810255367077,4.752311321551177e-06,0.023140249652603775
Care,1,ok,0.0016473749942283007,5.469447164498573e-06,0.018382585931029632
Care,2,ok,0.0022518335572734678,7.880883827238193e-06,0.024330000111214948
Care,3,ok,0.001404582226507601,3.121932162388322e-06,0.014886652944165014
Care,4,ok,0.0014464863860123058,2.3196040008552016e-06,0.018638325364986944
Care,5,ok,0.0020371222167676465,3.42981379888954e-06,0.02406099755615793
Care,6,ok,0.001544028369087869,3.768892289978444e-06,0.01779308170986681
Care,7,ok,0.001356776922173006,2.620356110476628e-06,0.016017781469950542
Care,8,ok,0.0012786822578668966,3.306100371864504e-06,0.016499254249156554
Care,9,ok,0.0013778504957785826,1.9358359948198564e-06,0.015563082678617042
Care,10,ok,0.001508508967270147,2.6210824783992993e-06,0.01748150562886529
Care,11,ok,0.0014746209252142495,2.0900947521871796e-06,0.01813357566416721
Care,12,ok,0.001963254623251225,6.089702201851007e-06,0.021133626017455807
Care,13,ok,0.0021719101923757932,3.510019929085392e-06,0.02538511025204148
Care,14,ok,0.0011965710784096564,2.1350556742398433e-06,0.014266665574073877
Care,15,ok,0.0014191374538269433,3.4245032287552123e-06,0.017322098484056702
Care,16,ok,0.0012576952174995094,4.198543450259911e-06,0.013928911947084658
Care,17,ok,0.001257017323426639,4.320117691297855e-06,0.015033067591995929
Care,18,ok,0.0016410630827434114,3.804432188451739e-06,0.019117112207706947
Care,19,ok,0.0016487187756830564,3.5104362549283056e-06,0.01932796459972172
Care,20,ok,0.0014017076276120492,1.9907819116358653e-06,0.017542614769342813
Care,21,ok,0.0016646333431980778,5.7382715231825965e-06,0.020677610785322903
Care,22,ok,0.0012306340024791215,2.3067459764743844e-06,0.015527295846538256
Care,23,ok,0.0015434821331873803,3.2623280738065454e-06,0.020003884481733764
Care,24,ok,0.0011426825605759723,2.546675259685059e-06,0.013433408183522011
Care,25,ok,0.0023869033819013752,9.20941387492598e-06,0.027203470776910068
Care,26,ok,0.0013976031232730219,3.398324723907287e-06,0.016830990693874084
Care,27,ok,0.0014478069317376107,2.8834117358942115e-06,0.015589924200905079
Care,28,ok,0.0015705013497638231,2.295310859365551e-06,0.019101666857039998
Care,29,ok,0.0012858148245219736,3.894755934026248e-06,0.01594508909754396
Care,30,ok,0.0015146660211534275,3.7960255541490963e-06,0.01879672039174837
Care,31,ok,0.0015363107121391158,4.733189023123193e-06,0.017535990361872218
Care,32,ok,0.0013874499306257594,2.151584333157631e-06,0.016671409372150135
Care,33,ok,0.0023316013614048557,6.105494085872798e-06,0.024209889043536294
Care,34,ok,0.0011536005968394785,3.6126251323029897e-06,0.012369900110999359
Care,35,ok,0.0016644316410119905,3.375557367765275e-06,0.019494083617426553
Care,36,ok,0.0020696608629390436,5.3078871922625e-06,0.02368690825726429
Care,37,ok,0.0016849561785594691,3.1489727116895454e-06,0.019052089050638266
Care,38,ok,0.002532904127901127,4.887963916708799e-06,0.027200864932050758
Care,39,ok,0.001425366810328723,2.0753794169204647e-06,0.015564157809457968
Care,40,ok,0.0011996796331751461,3.206361268269774e-06,0.014115807232958551
Care,41,ok,0.0012132445183031376,2.7808793084609217e-06,0.01458401910970182
Care,42,ok,0.0013140926847615524,2.3549145085733115e-06,0.014304123963548616
Care,43,ok,0.001793455222791531,4.206925943429662e-06,0.020188174459915383
Care,44,ok,0.0015212390240436397,4.620425613163147e-06,0.018786346691895082
Care,45,ok,0.0011476379781114759,1.8314109284353237e-06,0.014564681557337587
Care,46,ok,0.0014011640339680453,3.2418641825545674e-06,0.016217997681460056
Care,47,ok,0.0019794101524369424,6.8618859778019485e-06,0.021926637863503802
Care,48,ok,0.0014945878795952995,4.805046869341888e-06,0.01633539979078485
Care,49,ok,0.0014997829081382892,2.633973006710743e-06,0.01682887211364498
Care,50,ok,0.0015980820626776463,3.6901413975041716e-06,0.019041686241538975
Care,51,ok,0.0010650314571907212,2.413336871976106e-06,0.012975048510044478
Care,52,ok,0.0013941291816207528,3.5246638027168623e-06,0.016124555743265892
Care,53,ok,0.001250902179069602,1.3324006034134039e-06,0.014969953889243966
Care,54,ok,0.001606198662446566,6.508259294202723e-06,0.01762177426946063
Care,55,ok,0.0013442389502003075,3.529367024465725e-06,0.016630203047667574
Care,56,ok,0.001185824799410872,2.940307906073959e-06,0.013419547513013648
Care,57,ok,0.0015161882594204711,1.8981555331230898e-06,0.017504253472919
Care,58,ok,0.00117161578603538,3.434851169122109e-06,0.01474713789102465
Care,59,ok,0.0021076540203523873,4.185353193766292e-06,0.02317163119172846
Care,60,ok,0.0018655399192210743,5.884072593220809e-06,0.020961968652773992
Care,61,ok,0.0017523740953802871,5.459409599340105e-06,0.020667396008251366
Care,62,ok,0.0013401106352227987,3.795741163110825e-06,0.016234634166899027
Care,63,ok,0.0014600825140232586,3.3708656308541813e-06,0.016587666961489347
Care,64,ok,0.0022331349308234586,5.418463452908042e-06,0.024226398639219274
Care,65,ok,0.0016954251324497053,5.403233819720122e-06,0.018687247643968972
Care,66,ok,0.0015226607969488113,3.4902724169598e-06,0.01819208948682816
Care,67,ok,0.0013593054780195362,2.396630806494076e-06,0.017141100375638707
Care,68,ok,0.001787228141026356,3.917436413504814e-06,0.019184937151356992
Care,69,ok,0.0018312448514823604,6.546445120048395e-06,0.021406602022573846
Care,70,ok,0.0013465821086726085,3.2699663734881632e-06,0.016050038109307083
Care,71,ok,0.0013605799771802527,3.070270446488626e-06,0.015129180763961612
Care,72,ok,0.0015005209427616521,2.5799648078444578e-06,0.01742510236541663
Care,73,ok,0.0018770830364421335,5.271421595726264e-06,0.020784110088854307
Care,74,ok,0.0015982646509110042,3.7309899585099466e-06,0.01931277083170009
Care,75,ok,0.0019299619307606248,3.986494635443355e-06,0.023471276244079936
Care,76,ok,0.0012717712403828925,3.3293365704820976e-06,0.014754914493338545
Care,77,ok,0.0013887343874855206,2.5775218979785696e-06,0.016212615291741738
Care,78,ok,0.0018635536142467737,3.2796373729091835e-06,0.02095784693510362
Care,79,ok,0.0012450054922189928,4.0848920462161906e-06,0.015085107493483985
Care,80,ok,0.0013957728203634573,2.233329746730138e-06,0.01674474630217841
Care,81,ok,0.0018561716232290619,4.260106627655318e-06,0.019682304973459963
Care,82,ok,0.0016887438269170781,4.647263023762974e-06,0.01861949572897395
Care,83,ok,0.001356261086325331,3.6251983965578904e-06,0.01585269915834038
Care,84,ok,0.0011886759095387643,2.4227902811240087e-06,0.014596019550955222
Care,85,ok,0.0014789166622004072,3.633038131432736e-06,0.017528871078836716
Care,86,ok,0.0012721213774780785,2.674747193953907e-06,0.014109056634478104
Care,87,ok,0.0018794675364070647,2.6864223486970145e-06,0.022028524062726363
Care,88,ok,0.0012641223570428036,2.183486960669434e-06,0.01532927479511052
Care,89,ok,0.0013283181427970483,2.738044310283507e-06,0.01573306091612285
Care,90,ok,0.0014639780688302049,1.7873879622268835e-06,0.01695077443719849
Care,91,ok,0.001267733153280938,1.6549737681270947e-06,0.015097208772463287
Care,92,ok,0.001162789630328293,3.0304277762895207e-06,0.013924116746237208
Care,93,ok,0.0010754555273332408,2.0895624124968893e-06,0.013489889250924425
Care,94,ok,0.001599173089948248,4.6100548238943264e-06,0.017618248064049293
Care,95,ok,0.001769163081396239,3.522612898439751e-06,0.021060578612310525
Care,96,ok,0.001269860662155581,1.4166717796167888e-06,0.015145862650642819
Care,97,ok,0.0014023711507838562,3.633341187195313e-06,0.016678963966421014
Care,98,ok,0.0013765052006822682,2.8326891581814906e-06,0.015838701947018436
Care,99,ok,0.001598924851012362,2.9989457718506205e-06,0.01818759629796222
Fairness,0,ok,0.0011930702026802626,2.2372150471232416e-06,0.014488730296650165
Fairness,1,ok,0.0014873978316368576,3.1104146708191236e-06,0.01828443518052273
Fairness,2,ok,0.0054157322493324795,1.3980209318992012e-05,0.04732530186804986
Fairness,3,ok,0.0018393552335864865,2.9813328583693895e-06,0.02107715856133692
Fairness,4,ok,0.001817780761815626,3.9689894812974685e-06,0.021134554624062364
Fairness,5,ok,0.002395564084053728,6.39036646076282e-06,0.025929602331252913
Fairness,6,ok,0.0022466447329405814,7.280894319199568e-06,0.025815988486758958
Fairness,7,ok,0.002271423392855681,1.0362410299011468e-05,0.02447643111395353
Fairness,8,ok,0.0014150573696819707,3.348659576005981e-06,0.016616129941489338
Fairness,9,ok,0.0020183346926289925,5.367126882200406e-06,0.02257160673977006
Fairness,10,ok,0.0021982646306808124,6.4401916997363734e-06,0.023786908435240287
Fairness,11,ok,0.0012877637980679836,1.8726535425466246e-06,0.01640844248298847
Fairness,12,ok,0.0033990931095846146,8.366593589917626e-06,0.0337649414518122
Fairness,13,ok,0.0014185161556587121,2.732287583141815e-06,0.016625992908086834
Fairness,14,ok,0.0023382712163561945,5.020099857990233e-06,0.026631821537289855
Fairness,15,ok,0.0017544733892225284,4.344989836616439e-06,0.021346649292439807
Fairness,16,ok,0.003156390688821528,2.385713475402213e-06,0.03324833379699222
Fairness,17,ok,0.0016556653177383007,3.8649545589979056e-06,0.01934238181852656
Fairness,18,ok,0.0022867527086566086,7.964624983446367e-06,0.02491820136165669
Fairness,19,ok,0.0015318308965577819,3.6090423175934996e-06,0.01985237602953146
Fairness,20,ok,0.0013621061723426454,3.184557978442292e-06,0.015952928073349533
Fairness,21,ok,0.0018247658519810798,4.4394381111486095e-06,0.02220001809592935
Fairness,22,ok,0.0018684769367985393,3.075816289181993e-06,0.01752081219362748
Fairness,23,ok,0.0018051149944411553,5.096645269335972e-06,0.019120248641162123
Fairness,24,ok,0.0014206567578912612,3.215244691423712e-06,0.01667189476356803
Fairness,25,ok,0.0019411398427255707,3.3155608663219443e-06,0.025090915074751717
Fairness,26,ok,0.0020825307804966447,6.842139606661515e-06,0.02326837243240426
Fairness,27,ok,0.0025004055551412284,7.00820556802053e-06,0.027392337734525284
Fairness,28,ok,0.0021222036100311597,5.4352706434459025e-06,0.02293461864724904
Fairness,29,ok,0.0015444402053733102,2.67208020382e-06,0.018059119554154048
Fairness,30,ok,0.00198342488516523,3.896744877006751e-06,0.02262203947702351
Fairness,31,ok,0.0017594384030541893,4.013034885184163e-06,0.02049346771427788
Fairness,32,ok,0.00127573311773869,3.743667102815243e-06,0.015769504267868405
Fairness,33,ok,0.009030722525385816,2.0617740752907323e-05,0.064090304685871
Fairness,34,ok,0.003694065983922675,1.0388534475978598e-05,0.03595720854943591
Fairness,35,ok,0.001619443754836524,2.9923191204927526e-06,0.020084208663518517
Fairness,36,ok,0.0010903452608613273,2.8879850057684417e-06,0.013106258009642852
Fairness,37,ok,0.0016893981887862574,3.49631162845899e-06,0.019752494982753825
Fairness,38,ok,0.0013205906520958638,2.680605608230302e-06,0.015648865325491083
Fairness,39,ok,0.0024118200660899337,5.652728796292612e-06,0.025033753400336888
Fairness,40,ok,0.002857318393356353,9.666925656680414e-06,0.029595193497597476
Fairness,41,ok,0.0016826065014395133,3.2437418802838927e-06,0.019240253489141358
Fairness,42,ok,0.0023546421534846526,5.793698121425967e-06,0.025565347162437087
Fairness,43,ok,0.0017808826282067266,3.1787820781552234e-06,0.018868341110799942
Fairness,44,ok,0.0038837425940789383,7.473735965917261e-06,0.038010266413292686
Fairness,45,ok,0.001249552435827664,2.1425786056814438e-06,0.01487092104732771
Fairness,46,ok,0.002361555559102715,2.7776832793350232e-06,0.027065621885437912
Fairness,47,ok,0.0016702284168902157,3.804118961202329e-06,0.019116418655676957
Fairness,48,ok,0.0014190573236253078,3.0610111083688084e-06,0.018636318004265025
Fairness,49,ok,0.002887554614420403,4.986604606006888e-06,0.030155530711846422
Fairness,50,ok,0.0017229465707634946,3.83713377638804e-06,0.02072908361351426
Fairness,51,ok,0.001794815054067212,3.850023825697363e-06,0.02092534127591617
Fairness,52,ok,0.0033494322594770287,6.023951730661336e-06,0.033709370393608204
Fairness,53,ok,0.0032602902197421267,6.207481381508154e-06,0.03384587150206273
Fairness,54,ok,0.0012617337668952137,3.6326850409644634e-06,0.015075852720991056
Fairness,55,ok,0.0025948216043015808,6.461225098050015e-06,0.027099527843137
Fairness,56,ok,0.0024319560121057104,4.674782956550554e-06,0.027262232127257452
Fairness,57,ok,0.0017122080555882807,4.503623322618767e-06,0.01919919438881253
Fairness,58,ok,0.003177189043661888,5.926159289015756e-06,0.03359074248736985
Fairness,59,ok,0.004451389945189254,5.882957074309209e-06,0.03785080889951421
Fairness,60,ok,0.0018477006680514931,6.336764802338709e-06,0.020011557717861055
Fairness,61,ok,0.0031377356196722016,5.963971075205446e-06,0.032213626128546224
Fairness,62,ok,0.0025679388383694195,7.5755897697298065e-06,0.027820125804538857
Fairness,63,ok,0.0014477515898760568,2.499863682845108e-06,0.017062939800516822
Fairness,64,ok,0.0013824233355279832,2.989506904629737e-06,0.016561934653722087
Fairness,65,ok,0.0013334413853596122,2.2777189132583007e-06,0.015350769595977722
Fairness,66,ok,0.00130041221344428,3.3477282242978503e-06,0.015804513959771446
Fairness,67,ok,0.0035267066356136937,5.670535505745466e-06,0.038323713685485
Fairness,68,ok,0.001264511449359183,3.427372152024126e-06,0.016387604957046116
Fairness,69,ok,0.0012474562746748838,3.005745312085037e-06,0.015202059889782502
Fairness,70,ok,0.0016201183811623502,4.580588243455566e-06,0.017845430867859485
Fairness,71,ok,0.0017103218818444838,3.5785562470288835e-06,0.020295300488789903
Fairness,72,ok,0.001458676297122039,3.0715514650110753e-06,0.017296627798657288
Fairness,73,ok,0.002084903311277554,3.436155451027079e-06,0.023750946574320822
Fairness,74,ok,0.0012883173078461004,3.307151821878227e-06,0.0144050941244082
Fairness,75,ok,0.0018863759787589428,4.293457510170391e-06,0.021282891378825577
Fairness,76,ok,0.002230709784289249,7.328303936838652e-06,0.02427102758551364
Fairness,77,ok,0.0013550726431742445,2.210250348487171e-06,0.015878480308448184
Fairness,78,ok,0.0017281914344004594,2.9056800649597486e-06,0.02034263074142168
Fairness,79,ok,0.001978407451170982,5.758521091900699e-06,0.020304766448332342
Fairness,80,ok,0.0014275878688760671,2.817617706306784e-06,0.017958887143780945
Fairness,81,ok,0.00406969195145056,7.55170360444856e-06,0.03657586192057755
Fairness,82,ok,0.0034122698157405583,7.179190741732058e-06,0.03243986886035344
Fairness,83,ok,0.0014343151170006566,4.351603895786529e-06,0.016156169212791734
Fairness,84,ok,0.003036282957440773,4.25383505516569e-06,0.029989572744249942
Fairness,85,ok,0.001425289069903836,4.021890222230016e-06,0.017760240057076413
Fairness,86,ok,0.002087678404778792,3.7325486638008814e-06,0.023538637818838155
Fairness,87,ok,0.0019468288712709168,3.5123773317646235e-06,0.021355853645542752
Fairness,88,ok,0.006506637592405107,1.184931932936487e-05,0.050540557570722636
Fairness,89,ok,0.0033148769975843264,1.122899940861921e-05,0.034323360006925714
Fairness,90,ok,0.001515885607034567,2.6521893635966884e-06,0.01788249474866336
Fairness,91,ok,0.0012902715305738268,2.8063865725717963e-06,0.015435010313567839
Fairness,92,ok,0.0012974386804321515,2.663819228765603e-06,0.0164718278669475
Fairness,93,ok,0.00149278021521747,3.3843529034837144e-06,0.017871279169154836
Fairness,94,ok,0.0021287357686964187,4.302848984446737e-06,0.025193041507519193
Fairness,95,ok,0.0014626140624254408,1.5618899783437763e-06,0.01727460862438704
Fairness,96,ok,0.0015391714408162108,3.5046343454904666e-06,0.018114058189047516
Fairness,97,ok,0.0030947892914607853,5.895606461782341e-06,0.029471923283437437
Fairness,98,ok,0.0012628955056485265,2.770221223584093e-06,0.015951456770812177
Fairness,99,ok,0.0017112859474008024,3.355539469098026e-06,0.018699198671301015
Liberty,0,ok,0.001317914122773879,2.91342709895054e-06,0.015796917023751966
Liberty,1,ok,0.00151680524944782,3.852689946073833e-06,0.015931893941068094
Liberty,2,ok,0.002390467783042782,5.981744788184804e-06,0.023852074477967777
Liberty,3,ok,0.0011849503934706956,2.2152003070448135e-06,0.013617867038379361
Liberty,4,ok,0.0013140805634473099,2.5860806176971636e-06,0.014021731620842312
Liberty,5,ok,0.0015845594913063412,2.3383827228796697e-06,0.017435337050234173
Liberty,6,ok,0.001602989690726293,3.187867846342992e-06,0.01829640148042198
Liberty,7,ok,0.0014294343509234212,1.7345608185705724e-06,0.016875957937779358
Liberty,8,ok,0.0011716114922402572,2.749539884748325e-06,0.013996405073911707
Liberty,9,ok,0.0013489399230901488,2.5415204352475516e-06,0.01662660506714529
Liberty,10,ok,0.0012916101257063627,1.4799256796213936e-06,0.01560922054588697
Liberty,11,ok,0.0016337383375116111,3.535039911608683e-06,0.018752732103771968
Liberty,12,ok,0.001160541928141565,3.4964400791197975e-06,0.0129735792764833
Liberty,13,ok,0.0016446643271399743,4.767549502328309e-06,0.018324766093990558
Liberty,14,ok,0.001456659507425029,3.346833779545128e-06,0.017383819847788768
Liberty,15,ok,0.0013768030323424905,2.0861138137261193e-06,0.015255493138154518
Liberty,16,ok,0.001496048925798201,3.4931167551094497e-06,0.017707412611652845
Liberty,17,ok,0.0013998717890388525,2.3905230329821355e-06,0.01743782022290709
Liberty,18,ok,0.001218429639263199,2.1164617096315824e-06,0.01531484786283714
Liberty,19,ok,0.0015778763944423765,3.2425096355740137e-06,0.0179002021725169
Liberty,20,ok,0.0014071896243277593,4.631337520672707e-06,0.01607059018171737
Liberty,21,ok,0.0013490721953296745,2.357639874595861e-06,0.016354910765432436
Liberty,22,ok,0.001068690574020172,4.1347103034022045e-06,0.0132186909043895
Liberty,23,ok,0.0018927598771461026,4.122864500726757e-06,0.021336235831782173
Liberty,24,ok,0.0014323065159178232,3.2806470815558573e-06,0.01612278286062918
Liberty,25,ok,0.0009336915141865609,1.8865974854458906e-06,0.01239181038591036
Liberty,26,ok,0.0015304867728679326,4.053057802064996e-06,0.01736855494320705
Liberty,27,ok,0.0010697306668275364,1.751971661950713e-06,0.012969326542857575
Liberty,28,ok,0.001686948813298748,3.792686611501894e-06,0.018026330598140447
Liberty,29,ok,0.0009681783530917543,1.450386598746985e-06,0.0114972264080641
Liberty,30,ok,0.0021956062558742464,6.355556196675199e-06,0.024284311223740123
Liberty,31,ok,0.001983886661604541,5.9480602598446035e-06,0.0225609915087439
Liberty,32,ok,0.0010234633347936612,3.940240177017459e-06,0.012090989276847531
Liberty,33,ok,0.0018090696767842649,4.330251247820586e-06,0.020279032026947717
Liberty,34,ok,0.0013956168463328486,2.4028498031077253e-06,0.01675315595986784
Liberty,35,ok,0.0021192694551214006,4.866212742169859e-06,0.02205060789278113
Liberty,36,ok,0.001023355781140563,2.795035100045924e-06,0.011990975950965115
Liberty,37,ok,0.0013330452401987864,4.438002551058731e-06,0.015334066619579739
Liberty,38,ok,0.0012730975635257972,3.1437688189179275e-06,0.014425122842798937
Liberty,39,ok,0.002156141167381556,5.712835711469904e-06,0.02310290712545169
Liberty,40,ok,0.0010632369771622515,1.2004993073637065e-06,0.013883351705172195
Liberty,41,ok,0.001282419607245025,2.085068261541874e-06,0.014490944092878665
Liberty,42,ok,0.0013643039789864083,3.5274509590265953e-06,0.016061216271971063
Liberty,43,ok,0.0011739965521289524,3.980394249192774e-06,0.014451350455574071
Liberty,44,ok,0.0014585014739473528,2.6414180781104645e-06,0.017490704994336803
Liberty,45,ok,0.002381012505962477,8.493508857448154e-06,0.02452113288597236
Liberty,46,ok,0.0032526091985104542,8.925802257091981e-06,0.02946698048360716
Liberty,47,ok,0.0010126613373970933,1.3935095833762828e-06,0.012790713602315951
Liberty,48,ok,0.0017121600395198105,3.574539118938902e-06,0.01972080278393895
Liberty,49,ok,0.0011228093737182822,2.5177321732837478e-06,0.012694437840192361
Liberty,50,ok,0.0011454148265581294,4.596909436584785e-06,0.013752797386051984
Liberty,51,ok,0.0011307751298245865,2.062520736388256e-06,0.012627765155462366
Liberty,52,ok,0.0020592489716237854,3.9438162219981476e-06,0.02076360631730954
Liberty,53,ok,0.0013128623057305122,3.6423447280099466e-06,0.014342629911742484
Liberty,54,ok,0.0011680013374116883,2.675700032751251e-06,0.013231793256150504
Liberty,55,ok,0.0015032520469119826,4.379251684539221e-06,0.017004137049124582
Liberty,56,ok,0.0017925679069502433,4.219118541972674e-06,0.018430755506498232
Liberty,57,ok,0.001586775843212386,3.1260640253695603e-06,0.01819910938674671
Liberty,58,ok,0.0013652031674215408,2.9623055841419004e-06,0.015610544446707803
Liberty,59,ok,0.0012015200345224415,2.345138275627293e-06,0.015119631404695784
Liberty,60,ok,0.0012224733903964222,2.102610918528392e-06,0.014873129094063667
Liberty,61,ok,0.0012847538193535512,2.8336493005762865e-06,0.01570407259878508
Liberty,62,ok,0.0013217861505144333,3.6554070269246238e-06,0.015562415303193348
Liberty,63,ok,0.000938256461731837,1.3787189044665938e-06,0.011736240577434113
Liberty,64,ok,0.0018803320572412375,3.4147209225034446e-06,0.02027701899071638
Liberty,65,ok,0.0013050025269335543,1.750880225578197e-06,0.014055564588653507
Liberty,66,ok,0.0013477473330585463,2.3821200070800042e-06,0.01777946193655503
Liberty,67,ok,0.0013266608933912446,4.756089363583612e-06,0.015160466951748358
Liberty,68,ok,0.0012374527710459376,3.7492512770706925e-06,0.013465693919779238
Liberty,69,ok,0.001412274589256925,1.7567001445687313e-06,0.01620238333651103
Liberty,70,ok,0.001039959583522104,1.3410073868322548e-06,0.012151381378851148
Liberty,71,ok,0.0010274177230677859,1.5222341172025963e-06,0.012874115512625425
Liberty,72,ok,0.0016759196891758942,3.4338471405678813e-06,0.01927393451780986
Liberty,73,ok,0.0017796687802143839,3.4166352326272045e-06,0.019968816650003562
Liberty,74,ok,0.0012945673952882736,2.633756639623084e-06,0.015832229213196065
Liberty,75,ok,0.0011797463554783106,1.9263256036267187e-06,0.014474646062662987
Liberty,76,ok,0.0014289125874341283,3.2880218715255805e-06,0.01601221646470149
Liberty,77,ok,0.0014835194345882378,2.383068503000986e-06,0.016859761126934717
Liberty,78,ok,0.0011980893199428928,3.9703630099478545e-06,0.014528520346247636
Liberty,79,ok,0.002394845695218391,1.15437764148964e-05,0.025286435681868415
Liberty,80,ok,0.0011055527981041562,2.3961330672407374e-06,0.013542208044714723
Liberty,81,ok,0.0012653137307098085,4.23227414628183e-06,0.01401162558328941
Liberty,82,ok,0.0013964240200385384,2.538592133501662e-06,0.01723876922580849
Liberty,83,ok,0.0015414363699803116,3.4384225676619776e-06,0.016798958618745655
Liberty,84,ok,0.001206462303914135,1.6867380978818686e-06,0.014313375797351764
Liberty,85,ok,0.001385074546634511,2.606439268916344e-06,0.015551761480013391
Liberty,86,ok,0.0012638057106875503,3.2890237017407024e-06,0.013792126074392492
Liberty,87,ok,0.0017249276309269995,4.09787240510737e-06,0.01955425333416916
Liberty,88,ok,0.0012471682920902859,3.0554143929272094e-06,0.014044784472445403
Liberty,89,ok,0.0012682210081453936,1.6072985460194621e-06,0.01729832162857581
Liberty,90,ok,0.0012100972573511983,2.6036135213697093e-06,0.014269068001776537
Liberty,91,ok,0.0013349029041117397,2.808391733038154e-06,0.01765030701347551
Liberty,92,ok,0.0013096104667043112,2.937251640505831e-06,0.015092465135227532
Liberty,93,ok,0.0012290747623960815,3.7085239011348577e-06,0.01390738725213798
Liberty,94,ok,0.0012236324006324102,1.8260006765800832e-06,0.013675926051760904
Liberty,95,ok,0.0014052215652811933,4.578997895266289e-06,0.016445658762457852
Liberty,96,ok,0.001167330171234984,2.883537759569595e-06,0.014298352359195085
Liberty,97,ok,0.001273900748460244,1.5692630217967524e-06,0.014565664691958502
Liberty,98,ok,0.00105754087796014,3.27034809942147e-06,0.012936771432530473
Liberty,99,ok,0.001253787890718385,3.4009087124776717e-06,0.015265693512866167
Loyalty,0,ok,0.0008100520095314855,2.046947389877404e-06,0.009906805031043062
Loyalty,1,ok,0.0007345704746429399,1.6793866212018044e-06,0.009001204520433084
Loyalty,2,ok,0.000782661171595983,1.1932640897880584e-06,0.009850467735724738
Loyalty,3,ok,0.0006554882918241992,1.714680072277965e-06,0.007681984626987572
Loyalty,4,ok,0.0005801171477700042,1.537740958077395e-06,0.006638180322927553
Loyalty,5,ok,0.0007387233245405592,1.62548613913313e-06,0.008583560381284078
Loyalty,6,ok,0.0006157768530407771,1.2040395777295225e-06,0.006939538372923113
Loyalty,7,ok,0.001621344429294969,2.5101653001964295e-06,0.018332248655762717
Loyalty,8,ok,0.0007953491929530664,1.029662393740692e-06,0.009684293181240988
Loyalty,9,ok,0.000590393121231022,1.2457201631628889e-06,0.006637500794937017
Loyalty,10,ok,0.006055360543118833,2.2729915394774604e-05,0.03567257344261404
Loyalty,11,ok,0.0007535007906397001,1.260710644649292e-06,0.009298084681756953
Loyalty,12,ok,0.0009165602403932347,2.1509524221404557e-06,0.010236143117352861
Loyalty,13,ok,0.0008385201261207501,2.1825506441420794e-06,0.009671654647423915
Loyalty,14,ok,0.001004883989105275,1.8151169696315084e-06,0.012070795819261687
Loyalty,15,ok,0.0012951248016255042,3.0339666899426556e-06,0.01358333785670677
Loyalty,16,ok,0.0007606643621284061,1.2208426988361089e-06,0.009033174101539893
Loyalty,17,ok,0.0010282560131069254,2.2570462939602193e-06,0.012890442959918272
Loyalty,18,ok,0.0007525137251465495,2.7801409951949836e-06,0.007959628663071686
Loyalty,19,ok,0.0006640681469331179,1.4175346023291222e-06,0.0073134935525527535
Loyalty,20,ok,0.0007426240805278499,1.3462142717837805e-06,0.008556225272106225
Loyalty,21,ok,0.0010156030898199994,2.130591189962813e-06,0.012192313620245296
Loyalty,22,ok,0.0006474538940357718,1.3375152315045726e-06,0.008286806917361587
Loyalty,23,ok,0.0006173412660425601,1.6636137325088393e-06,0.007557664497475584
Loyalty,24,ok,0.000682995273022038,1.6025127594693745e-06,0.008164565317306546
Loyalty,25,ok,0.0009135634228506567,2.362871997115147e-06,0.010176025725630245
Loyalty,26,ok,0.0008939576333271808,2.8910425666007873e-06,0.009774898940602367
Loyalty,27,ok,0.0009408135297489539,9.76258588669371e-07,0.01172829428545493
Loyalty,28,ok,0.0009384108503772016,1.651525251102094e-06,0.012579066519343134
Loyalty,29,ok,0.0006880910834116204,1.2462217244036329e-06,0.007982781455747478
Loyalty,30,ok,0.0006744792520340496,9.17720425165764e-07,0.00814862402954087
Loyalty,31,ok,0.001039210553429687,2.218955471576363e-06,0.011678130708243752
Loyalty,32,ok,0.0008222600426757752,1.4826112773661051e-06,0.009543170250290603
Loyalty,33,ok,0.0005808171586097694,1.2071970581828335e-06,0.007025173450345926
Loyalty,34,ok,0.0007957925804497486,2.058905311883776e-06,0.00926539430791092
Loyalty,35,ok,0.0006247803501787543,1.1151339240266321e-06,0.00705033270703016
Loyalty,36,ok,0.0012921171755894286,3.0265546717358306e-06,0.015049964330863355
Loyalty,37,ok,0.0006815374571721784,2.1368267036269124e-06,0.008184109401585595
Loyalty,38,ok,0.0007669551636392265,1.6781137876682681e-06,0.008604182728631022
Loyalty,39,ok,0.0006591007462065946,1.1912208808203187e-06,0.008530625150405311
Loyalty,40,ok,0.00046547976190514887,8.630697565415195e-07,0.005636324936768328
Loyalty,41,ok,0.0008039991637207738,2.0700407704898433e-06,0.00958412588864809
Loyalty,42,ok,0.0012643156992712494,2.061740109975964e-06,0.013420391165194044
Loyalty,43,ok,0.0008561142628239949,1.7363939997340372e-06,0.009176102172251491
Loyalty,44,ok,0.0007453024498481746,1.6241599408722462e-06,0.007915244901188091
Loyalty,45,ok,0.0007261773057398214,1.4161873026177509e-06,0.00808662532689187
Loyalty,46,ok,0.0009276826631024929,2.5914503301044406e-06,0.010076512785007237
Loyalty,47,ok,0.0008000839030679028,1.5001971050246896e-06,0.009681528190752221
Loyalty,48,ok,0.0006471181976982123,1.0925145663592102e-06,0.007730151039332153
Loyalty,49,ok,0.000703626847161371,1.6919549414907616e-06,0.00935162190306268
Loyalty,50,ok,0.000886348066931192,1.7172543315219454e-06,0.010206748819217818
Loyalty,51,ok,0.0007771572822387082,2.084267023120857e-06,0.008459932981965967
Loyalty,52,ok,0.0008455185507712073,1.731779645772274e-06,0.009045832881955294
Loyalty,53,ok,0.0006714021534484424,1.684986997069597e-06,0.007833825434574037
Loyalty,54,ok,0.0013243675941838331,1.717525871646214e-06,0.014619053062668804
Loyalty,55,ok,0.000814471247823096,2.0583673426704113e-06,0.00888820572049415
Loyalty,56,ok,0.0007704270586242171,1.2577965666888691e-06,0.009416350614382542
Loyalty,57,ok,0.0008742565457839518,2.281207168401917e-06,0.010077849762807409
Loyalty,58,ok,0.0009333857205286523,2.1714881383162455e-06,0.01059037504666602
Loyalty,59,ok,0.0009542164346652093,1.7595256292103923e-06,0.011331838212703959
Loyalty,60,ok,0.0006961612315737796,1.2528197423063218e-06,0.008249070535481998
Loyalty,61,ok,0.0010952961546791234,1.5706353718925876e-06,0.011758572360447559
Loyalty,62,ok,0.0011455275445302062,2.005932674648964e-06,0.012008358206795968
Loyalty,63,ok,0.000854500710670932,2.2205307814656554e-06,0.009558307048679047
Loyalty,64,ok,0.0007293183472316636,1.7150936166350806e-06,0.008314310254149028
Loyalty,65,ok,0.0007237999088450732,2.1029041276264457e-06,0.008791855291757134
Loyalty,66,ok,0.0010289191906452738,2.3695138993639998e-06,0.010881131984150081
Loyalty,67,ok,0.0005807428066522456,1.3049032996836786e-06,0.006850136211001551
Loyalty,68,ok,0.0008514866741440653,1.7042169584500536e-06,0.009670591975334987
Loyalty,69,ok,0.0008298142664565738,2.1716146669161853e-06,0.009792766404879109
Loyalty,70,ok,0.0009759921412138378,2.5622640359970904e-06,0.011902801320576592
Loyalty,71,ok,0.0009157906955303638,2.168297145675695e-06,0.01068174178902222
Loyalty,72,ok,0.0007956646397375238,7.805262393373547e-07,0.009452064754340787
Loyalty,73,ok,0.0009648692142218112,2.47142816655379e-06,0.011560669399526742
Loyalty,74,ok,0.0006121640053408023,1.433150203666186e-06,0.007523082224653959
Loyalty,75,ok,0.0007302908853059581,1.910146074751678e-06,0.009089090920184055
Loyalty,76,ok,0.0008441647980714287,2.066600879496986e-06,0.010097487007133206
Loyalty,77,ok,0.0010505783164145785,1.994412385391006e-06,0.012308987668848784
Loyalty,78,ok,0.0009467742787097379,3.070623195966731e-06,0.010027543058268725
Loyalty,79,ok,0.0008037140728525515,1.6471420227496325e-06,0.009147318570196085
Loyalty,80,ok,0.0012101441668200853,2.978509032612561e-06,0.013688156593446861
Loyalty,81,ok,0.0009031058198006494,1.9232499453875124e-06,0.010771907886625184
Loyalty,82,ok,0.0006176562037568964,1.0655000958013089e-06,0.007637261383670207
Loyalty,83,ok,0.0007906738882957829,1.6301469580004508e-06,0.009171413655820882
Loyalty,84,ok,0.000879532175062574,2.4459445847969603e-06,0.009111896257777467
Loyalty,85,ok,0.0008198331739682236,3.6215881244010844e-06,0.009547221245754056
Loyalty,86,ok,0.0008378229296855233,1.8564781242882925e-06,0.009786926754258796
Loyalty,87,ok,0.0007268208585785658,7.960467144905069e-07,0.008687220780022127
Loyalty,88,ok,0.0008314029723038694,1.43718705228868e-06,0.009700933202914059
Loyalty,89,ok,0.0014159222670943185,5.055965604942832e-06,0.015159131437475586
Loyalty,90,ok,0.0007168715721946336,1.4392261962947665e-06,0.009110000492109641
Loyalty,91,ok,0.0008005653331751004,2.059108231078026e-06,0.008924057169886025
Loyalty,92,ok,0.0009515514577262364,2.400050037001708e-06,0.010930181257556222
Loyalty,93,ok,0.0006716849203251183,6.38800675232904e-07,0.00831982410427114
Loyalty,94,ok,0.0005707687580762807,1.140278128103663e-06,0.006867436151256546
Loyalty,95,ok,0.0006442244426163257,1.3307223623829182e-06,0.0073211220031030744
Loyalty,96,ok,0.0007436819522951848,2.152075816426064e-06,0.008694704463072262
Loyalty,97,ok,0.0007434296821056633,1.0497256752775095e-06,0.008986053966018372
Loyalty,98,ok,0.0008595737730349663,1.6993068744076854e-06,0.009495969914011559
Loyalty,99,ok,0.0006460535553090168,1.0406000712258662e-06,0.007404306531633415
Sanctity,0,ok,0.0017340876238859234,4.598076612163245e-06,0.02122388318853984
Sanctity,1,ok,0.0015968915461827434,3.925967669469877e-06,0.019535269349380876
Sanctity,2,ok,0.001588100723364788,3.701688905213198e-06,0.019100438414620054
Sanctity,3,ok,0.0014148858394783443,3.3102400343768287e-06,0.016077420449980985
Sanctity,4,ok,0.0012526069065453291,2.1287870130571964e-06,0.015996894873768867
Sanctity,5,ok,0.0015974756734447935,3.0980930242706695e-06,0.018223631118803853
Sanctity,6,ok,0.0019589194865318404,2.1306086758839164e-06,0.023305297480769562
Sanctity,7,ok,0.0013710583571466075,3.6378458399015963e-06,0.01681007161438857
Sanctity,8,ok,0.0013746771600031881,3.373422590036013e-06,0.01639599997413185
Sanctity,9,ok,0.0015384471716365176,3.092733489546509e-06,0.019452028819946458
Sanctity,10,ok,0.001691310753440975,2.432932263519858e-06,0.019537660407983996
Sanctity,11,ok,0.001333660251808601,2.062959959475877e-06,0.018439009564574213
Sanctity,12,ok,0.0015743055836898293,3.1281233434681333e-06,0.019454696111675357
Sanctity,13,ok,0.0012752530419021758,2.166407395349167e-06,0.015594692908686814
Sanctity,14,ok,0.0017802840646227408,6.725177888580547e-06,0.020716981778008917
Sanctity,15,ok,0.0016219676968180314,5.3785595510465e-06,0.018753242368242686
Sanctity,16,ok,0.001453528127867042,5.66296360599951e-06,0.016387884513787476
Sanctity,17,ok,0.001344306830791433,2.4172726129427234e-06,0.017287069180582877
Sanctity,18,ok,0.0014736725417956163,1.9349413720689134e-06,0.01882900821682267
Sanctity,19,ok,0.0015951529204732843,3.4516278057089412e-06,0.019575708439884078
Sanctity,20,ok,0.0022187143985500607,7.010376981326163e-06,0.02500170192614516
Sanctity,21,ok,0.0013432563056640083,2.8251927818058778e-06,0.01678708744432856
Sanctity,22,ok,0.0013802498882320093,3.0123227477737108e-06,0.015764773045569933
Sanctity,23,ok,0.0013508529129442897,4.2889248442737005e-06,0.014995021163292252
Sanctity,24,ok,0.001652237822266223,4.494873722723289e-06,0.020298979537222376
Sanctity,25,ok,0.001327463174547547,2.6883429819182956e-06,0.018108141475997666
Sanctity,26,ok,0.001512535680286114,3.6412265290093626e-06,0.01781620212642781
Sanctity,27,ok,0.0014722065781360041,4.978247272364689e-06,0.016357379955785473
Sanctity,28,ok,0.0011865604571535079,2.510167397906127e-06,0.013968762211071553
Sanctity,29,ok,0.0016635403680111582,4.388923907276414e-06,0.019450343464091035
Sanctity,30,ok,0.0014258585014387776,3.5258681677900452e-06,0.01593002846586892
Sanctity,31,ok,0.0013358025134404918,2.907660180505542e-06,0.015778952929328537
Sanctity,32,ok,0.0016493803966730306,3.111691395464052e-06,0.01967074076741522
Sanctity,33,ok,0.001495111287822955,4.5051924649522245e-06,0.019477738311744534
Sanctity,34,ok,0.0013652523164801296,2.7439185625321835e-06,0.01665532785950819
Sanctity,35,ok,0.0014913627585254503,3.5969014174828128e-06,0.01895154226964888
Sanctity,36,ok,0.0014864217098779278,3.330109416325037e-06,0.017690646856539517
Sanctity,37,ok,0.001707101684385043,4.244260301452817e-06,0.01893630599493443
Sanctity,38,ok,0.0019219053961087858,3.990204453301883e-06,0.024037400503732344
Sanctity,39,ok,0.0011175888454458768,2.46081473309982e-06,0.013630519869635907
Sanctity,40,ok,0.001522754964936588,2.3641564410973864e-06,0.01771237220515876
Sanctity,41,ok,0.0018093110976386733,3.3893806871043117e-06,0.020097119232225177
Sanctity,42,ok,0.002121195154953643,2.308349478468599e-06,0.0241306689158558
Sanctity,43,ok,0.001674007140592109,3.735308117663035e-06,0.0198787252748897
Sanctity,44,ok,0.001262904225693045,1.8297648181416668e-06,0.014595837637777446
Sanctity,45,ok,0.0019202539303316561,4.384546748575874e-06,0.022657375987333656
Sanctity,46,ok,0.0017652660958592625,3.1161755557367406e-06,0.02186054203234025
Sanctity,47,ok,0.0014523335021688886,4.067977301092474e-06,0.018714120786204252
Sanctity,48,ok,0.0013282442047600049,3.2419999435362603e-06,0.016655689023791706
Sanctity,49,ok,0.001261761535062546,2.8168030697035768e-06,0.015411908385957107
Sanctity,50,ok,0.0017459050862742489,4.341249318144525e-06,0.01930284276770432
Sanctity,51,ok,0.0014425090083707674,3.45554643983998e-06,0.018057679618149698
Sanctity,52,ok,0.0018020753154913073,4.943093373370445e-06,0.022295627448964253
Sanctity,53,ok,0.0017454742798080924,3.0901958196953038e-06,0.022916637558125202
Sanctity,54,ok,0.0015532757596579364,3.7852003252548608e-06,0.018661644610389046
Sanctity,55,ok,0.0014554461632897493,2.6563717430822827e-06,0.018542054336949425
Sanctity,56,ok,0.0016235086956449538,4.3031900528954126e-06,0.017242363181296214
Sanctity,57,ok,0.0014843210270719543,2.8398593095239392e-06,0.017071414134110115
Sanctity,58,ok,0.0015559519910592024,4.2690705269697735e-06,0.018504472407545016
Sanctity,59,ok,0.0015631384271397879,3.910310875396856e-06,0.018626173252287867
Sanctity,60,ok,0.0017663445124211996,3.341778157918963e-06,0.019875192544141208
Sanctity,61,ok,0.0012485007446870996,4.174124703701503e-06,0.017125432070996212
Sanctity,62,ok,0.0014172104052970155,2.0788826075431796e-06,0.01770329581061967
Sanctity,63,ok,0.001678367490741294,3.3311465697871304e-06,0.021290237588566654
Sanctity,64,ok,0.0014716894503485813,2.4720655010602394e-06,0.020710674177948862
Sanctity,65,ok,0.00182771969367244,3.6503283226497904e-06,0.02215294740251206
Sanctity,66,ok,0.0014372319954360827,4.011565504026914e-06,0.016675892420945946
Sanctity,67,ok,0.0011561282241366842,2.0570556094030415e-06,0.01403823737463587
Sanctity,68,ok,0.0016571630690970964,4.098202349653178e-06,0.020413936319747656
Sanctity,69,ok,0.0015681987540112872,3.2202100893134024e-06,0.01665419239558635
Sanctity,70,ok,0.0013565568264043118,1.5702380036824925e-06,0.017825640578719614
Sanctity,71,ok,0.001494338661451231,3.432840324797127e-06,0.017216176967925115
Sanctity,72,ok,0.0019405790854358847,5.359341338721076e-06,0.022809052265051224
Sanctity,73,ok,0.0014453472600915733,3.3085362916550904e-06,0.01620708202245641
Sanctity,74,ok,0.0013850097086013247,5.20276012403861e-06,0.015176191744058463
Sanctity,75,ok,0.001726174406259407,3.949706201965052e-06,0.019469499595807963
Sanctity,76,ok,0.0014561444438930047,2.8407819925466965e-06,0.018925167911045423
Sanctity,77,ok,0.0017573687893668029,4.7329521247899326e-06,0.020255066770841882
Sanctity,78,ok,0.0012065678454095503,1.7786365114034608e-06,0.01640383779180055
Sanctity,79,ok,0.0014973285196511995,3.1525654423987123e-06,0.01808838438357541
Sanctity,80,ok,0.0019214697974616508,5.793952015298551e-06,0.021551264601521503
Sanctity,81,ok,0.0012791139225134716,2.3989280201786037e-06,0.01640713538802347
Sanctity,82,ok,0.0017447326825180771,5.9734335186505544e-06,0.02062828265562066
Sanctity,83,ok,0.0013963620217261018,3.6113857115559456e-06,0.015411917358443751
Sanctity,84,ok,0.0016218240698639263,1.4058427013113102e-06,0.01867700176934805
Sanctity,85,ok,0.0013938210891238031,2.6757404728964212e-06,0.01910586439158319
Sanctity,86,ok,0.0017266672095689216,4.53637437436797e-06,0.01985757140656661
Sanctity,87,ok,0.00179849049298271,4.886604820854792e-06,0.020673175272801228
Sanctity,88,ok,0.0018093902568325942,4.986544986918965e-06,0.020237726802473446
Sanctity,89,ok,0.0015088513365563768,3.5340979227170545e-06,0.017644660903728005
Sanctity,90,ok,0.001497777057774687,2.3282174402478276e-06,0.019442498759235025
Sanctity,91,ok,0.00172273905784334,2.8349890588517224e-06,0.019118854003868493
Sanctity,92,ok,0.0016895951450536062,2.1562596280343642e-06,0.02098251406762857
Sanctity,93,ok,0.0012993725758418447,2.967982693981266e-06,0.01624400921087195
Sanctity,94,ok,0.0017279563839589867,3.6430504669383736e-06,0.020253939967145213
Sanctity,95,ok,0.0014910361416003042,4.514740869529336e-06,0.017785251758733363
Sanctity,96,ok,0.0014874609185776312,3.3182681263727663e-06,0.01798783291850296
Sanctity,97,ok,0.0017104520948603074,4.258896651960792e-06,0.019952881247047752
Sanctity,98,ok,0.001275038854421204,2.241431176031532e-06,0.016613950031986825
Sanctity,99,ok,0.0017985136004564045,4.2812781555944855e-06,0.02123639004238262
Social Norms,0,ok,0.0004731201577037995,6.955796487370995e-07,0.004923657639794641
Social Norms,1,ok,0.001320294504302347,4.810081748566212e-06,0.01082807149437484
Social Norms,2,ok,0.0008528667415329484,1.469680264039848e-06,0.009196560613942755
Social Norms,3,ok,0.0005036624056678463,1.0325349276649135e-06,0.005325283695503007
Social Norms,4,ok,0.0010626241028469144,1.5928105633494046e-06,0.009800181974931073
Social Norms,5,ok,0.0004367129976698263,8.16903506225208e-07,0.005044783904856009
Social Norms,6,ok,0.000439078697247298,1.290187126483988e-06,0.005244358443826335
Social Norms,7,ok,0.00043952584253815824,1.04143262654947e-06,0.005005938389786164
Social Norms,8,ok,0.0006562653027509017,1.823430188439878e-06,0.006864568277664761
Social Norms,9,ok,0.0005802246256283164,1.0080955465317422e-06,0.006518003704746072
Social Norms,10,ok,0.000673704151856396,1.4643383663610655e-06,0.007506323879872482
Social Norms,11,ok,0.0004410304537348584,9.218978406906489e-07,0.005367788460051196
Social Norms,12,ok,0.000593142719342516,1.0910569892813195e-06,0.006376803433011275
Social Norms,13,ok,0.0011111596773233563,2.9696112292896013e-06,0.010622603302096115
Social Norms,14,ok,0.0005496842656841763,1.553224561156084e-06,0.006385395368493246
Social Norms,15,ok,0.0003061505258331821,1.0581423260966624e-06,0.003730318989733636
Social Norms,16,ok,0.000536060862802846,1.3223091333159507e-06,0.005667472754122198
Social Norms,17,ok,0.0007741475856965058,2.2157831413102946e-06,0.007727203304152281
Social Norms,18,ok,0.0005003623000709322,1.0058358768023607e-06,0.005537514231932088
Social Norms,19,ok,0.0006501961357140414,1.7483251824811115e-06,0.007071195937354581
Social Norms,20,ok,0.0021606835814004287,6.8677924242705976e-06,0.015310014912016274
Social Norms,21,ok,0.0007251926716518634,1.563653332248849e-06,0.00809060081807636
Social Norms,22,ok,0.0008703558459995487,2.9369666740269585e-06,0.008822841335204919
Social Norms,23,ok,0.0004185745653374458,7.21030179279068e-07,0.0052376998334980945
Social Norms,24,ok,0.0007526184776551759,1.2465799820768927e-06,0.008300321804735814
Social Norms,25,ok,0.0008203201306967891,1.7217843430187567e-06,0.007853398213296106
Social Norms,26,ok,0.0011663189245120474,2.575119849749471e-06,0.010375121512853927
Social Norms,27,ok,0.0003851010874986821,7.320260739334339e-07,0.004906536145466754
Social Norms,28,ok,0.000553923870957422,2.000206148501616e-06,0.006018101297779529
Social Norms,29,ok,0.0003932312987234349,5.862784657324416e-07,0.0045413235971341
Social Norms,30,ok,0.0008709959115804063,2.5851943437519257e-06,0.008589202995861009
Social Norms,31,ok,0.0004620355149001509,1.4055304637053656e-06,0.005187854416670452
Social Norms,32,ok,0.00030169874265633073,6.736563468723136e-07,0.003209555903197117
Social Norms,33,ok,0.00047060247354231027,1.1619853591007122e-06,0.005358753577277991
Social Norms,34,ok,0.0005815294483800962,1.094344934506902e-06,0.006565468522415314
Social Norms,35,ok,0.0003923026737457676,9.221031784707091e-07,0.004882123396543423
Social Norms,36,ok,0.0004328942880811665,7.785232852048792e-07,0.004875453016959964
Social Norms,37,ok,0.0006944812085497734,1.7470576560987948e-06,0.007832394928751861
Social Norms,38,ok,0.0006320945741993651,1.5671148738795864e-06,0.007086411413352593
Social Norms,39,ok,0.0005913117116398014,1.8636694821757626e-06,0.006649454027926939
Social Norms,40,ok,0.000750820573628121,1.7710014667227564e-06,0.006843743418156263
Social Norms,41,ok,0.001074700741075797,1.464665085990188e-06,0.00906802654708809
Social Norms,42,ok,0.0005243915131498757,1.1719228757580016e-06,0.005955675101954729
Social Norms,43,ok,0.0005476477053240641,1.2847094436869452e-06,0.006584675385034884
Social Norms,44,ok,0.0009555431121256684,2.1519144486854716e-06,0.009400893825072504
Social Norms,45,ok,0.0004220056692064968,9.360130804745858e-07,0.004735464633919265
Social Norms,46,ok,0.0003542419890968237,9.303979665978445e-07,0.004124333944887158
Social Norms,47,ok,0.0005680138231447413,7.275292994118515e-07,0.006085830855252045
Social Norms,48,ok,0.0006812822850644686,1.5089550377837737e-06,0.007415858406360052
Social Norms,49,ok,0.0004970850566756559,1.0665806209300488e-06,0.005260627082134627
Social Norms,50,ok,0.0005813671583046576,1.0224934966560462e-06,0.006938466233196107
Social Norms,51,ok,0.0003936054079697103,8.223990594670542e-07,0.005217249528409051
Social Norms,52,ok,0.0003682934892329182,7.421334475744159e-07,0.004222487916264294
Social Norms,53,ok,0.0011698163461203123,2.5724159576006907e-06,0.01171749924465977
Social Norms,54,ok,0.0008131856471108013,2.106087190485831e-06,0.00832478974941617
Social Norms,55,ok,0.0005294893265424975,1.2605643254329951e-06,0.00575504506175356
Social Norms,56,ok,0.0005737080447342199,1.088276354713454e-06,0.006247833778206332
Social Norms,57,ok,0.00076889440384434,1.7487493005019375e-06,0.008365784778899942
Social Norms,58,ok,0.0006310286294840542,1.6763572158979615e-06,0.0066192073591452944
Social Norms,59,ok,0.0025926720687125876,5.435783240708938e-06,0.016209263330621813
Social Norms,60,ok,0.0005680641873329496,7.309643752274575e-07,0.006043283287228262
Social Norms,61,ok,0.0004481415600960435,8.332849008424458e-07,0.00498115468296811
Social Norms,62,ok,0.0005446802656798144,1.173757847115487e-06,0.005986087062202372
Social Norms,63,ok,0.00033654737849249996,5.172351319847849e-07,0.0042774939916123186
Social Norms,64,ok,0.0005443043915273667,1.3323988258925777e-06,0.006188064990434331
Social Norms,65,ok,0.00044798095275864867,6.456067028333927e-07,0.004890794088729447
Social Norms,66,ok,0.00036266924627803814,1.078971503928287e-06,0.004027101061998931
Social Norms,67,ok,0.0004682438138182219,1.3876759719017282e-06,0.0053071927241080214
Social Norms,68,ok,0.0009382904675837676,1.7975622446858491e-06,0.008297396739298852
Social Norms,69,ok,0.0009692389201259091,1.6976755010354933e-06,0.00952242359306338
Social Norms,70,ok,0.0005997710474380212,1.0993604359599498e-06,0.006414577959598772
Social Norms,71,ok,0.0007950366523158967,2.397246728006537e-06,0.007869277812209197
Social Norms,72,ok,0.0008941968692747586,1.5534683825663064e-06,0.007916398814871033
Social Norms,73,ok,0.0005517993678021781,1.851671565963606e-06,0.006065909518682582
Social Norms,74,ok,0.0004109251634806954,1.3140026725991187e-06,0.004785135505704839
Social Norms,75,ok,0.00398779313553446,1.8267947978904075e-05,0.019543003305334854
Social Norms,76,ok,0.000395207654832874,1.245203173440451e-06,0.0045713504696221685
Social Norms,77,ok,0.00048807763509331416,1.1498952035052897e-06,0.005572947299247354
Social Norms,78,ok,0.0005582482156910522,9.866064827850177e-07,0.00609584832165628
Social Norms,79,ok,0.0005133663411084871,1.2459829393584225e-06,0.0059084953908346925
Social Norms,80,ok,0.0022271627059735717,7.745883361958242e-06,0.015140889564872431
Social Norms,81,ok,0.0005076650410597015,1.3871783097421949e-06,0.006172942161500863
Social Norms,82,ok,0.0006265974826464678,1.34655750295941e-06,0.006082426807557899
Social Norms,83,ok,0.0005641685630572469,1.3775386174003823e-06,0.006234614643111883
Social Norms,84,ok,0.000506258065157789,7.566661421258911e-07,0.00591180774613999
Social Norms,85,ok,0.0005580296064282084,1.277152162951285e-06,0.006297010934105081
Social Norms,86,ok,0.0004417303933379527,6.221924980913768e-07,0.005189349912745707
Social Norms,87,ok,0.0008640691034671303,2.3379727549198324e-06,0.008618499047473766
Social Norms,88,ok,0.00032354986750706246,6.061403677362852e-07,0.00394250225014589
Social Norms,89,ok,0.0008585050706806344,1.388883451327563e-06,0.008928851482112136
Social Norms,90,ok,0.0011150131381618487,2.8296220927642855e-06,0.010577684568872354
Social Norms,91,ok,0.0004979472417425341,1.106541478500003e-06,0.0058593374444381435
Social Norms,92,ok,0.0004503598492465122,1.315192914060654e-06,0.005233954970612717
Social Norms,93,ok,0.0010380076067660051,2.626487344749139e-06,0.00928782831469166
Social Norms,94,ok,0.0004011840634049054,9.524673187205834e-07,0.004210782132676485
Social Norms,95,ok,0.0004617040372745894,1.1286595703261381e-06,0.00569032238015879
Social Norms,96,ok,0.00036860302194227895,1.1450628479382504e-06,0.004500172410372655
Social Norms,97,ok,0.0006868811473180994,1.84402224154068e-06,0.006670979155240954
Social Norms,98,ok,0.0006760970821414983,1.5173691668683867e-06,0.007114610663311685
Social Norms,99,ok,0.0005421231823742264,1.803885130154576e-06,0.005839643442663585
