questionnaire_item_id,question_content
1,You see a teenage boy chuckling at an amputee he passes by while on the subway.
2,You see a girl laughing at another student forgetting her lines at a school play.
3,You see a woman commenting out loud about how fat another woman looks in her jeans.
4,You see a man quickly canceling a blind date as soon as he sees the woman.
5,You see a boy telling a woman that she looks just like her overweight bulldog.
6,You see a girl laughing when she realizes her friend's dad is the janitor.
7,You see a man snickering as he passes by a cancer patient with a bald head.
8,You see a girl saying that another girl is too ugly to be a varsity cheerleader.
9,You see a teenage girl openly staring at a disfigured woman as she walks past.
10,You see a boy making fun of his brother for getting dumped by his girlfriend.
11,You see a man laughing at a disabled co-worker while at an office softball game.
12,You see a man loudly telling his wife that the dinner she cooked tastes awful.
13,You see a man telling a woman that her painting looks like it was done by children.
14,You see a woman clearly avoiding sitting next to an obese woman on the bus.
15,You see a girl telling a boy that his older brother is much more attractive than him.
16,You see a girl telling her classmate that she looks like she has gained weight.
17,You see a student copying a classmate's answer sheet on a makeup final exam.
18,You see a runner taking a shortcut on the course during the marathon in order to win.
19,You see a tenant bribing a landlord to be the first to get their apartment repainted.
20,You see a soccer player pretending to be seriously fouled by an opposing player.
21,You see someone cheating in a card game while playing with a group of strangers.
22,You see a professor giving a bad grade to a student just because he dislikes him.
23,You see a referee intentionally making bad calls that help his favored team win.
24,"You see a manager taking half the doughnuts from a box, leaving little for others."
25,You see a judge taking on a criminal case although he is friends with the defendant.
26,You see a student getting an A on a group project when he didn't do his part.
27,You see an employee lying about how many hours she worked during the week.
28,You see a woman getting hired only because her father is close friends with the boss.
29,You see a girl asking for allowance even though her brother did her chores for her.
30,"You see a girl taking all the Halloween candy from a bowl, leaving none for others."
31,You see a politician using federal tax dollars to build an extension on his home.
32,You see a boy skipping to the front of the line because his friend is an employee.
33,You see a woman lying about the number of vacation days she has taken at work.
34,You see an employee joking with competitors about how bad his company did last year.
35,You see a coach celebrating with the opposing team's players who just won the game.
36,You see a former US General saying publicly he would never buy any American product.
37,You see a mayor saying that the neighboring town is a much better town.
38,You see the US Ambassador joking in Great Britain about the stupidity of Americans.
39,You see a man leaving his family business to go work for their main competitor.
40,You see a teacher publicly saying she hopes another school wins the math contest.
41,You see a head cheerleader booing her high school's team during a homecoming game.
42,You see the class president saying on TV that her rival college is a better school.
43,You see a Hollywood star agreeing with a foreign dictator's denunciation of the US.
44,You see a college president singing a rival school's fight song during a pep rally.
45,You see a man secretly voting against his wife in a local beauty pageant.
46,You see an American telling foreigners that the US is an evil force in the world.
47,You see the coach's wife sponsoring a bake sale for her husband's rival team.
48,You see a former Secretary of State publicly giving up his citizenship to the US.
49,You see a US swimmer cheering as a Chinese foe beats his teammate to win the gold.
50,You see a girl ignoring her father's orders by taking the car after her curfew.
51,You see a woman refusing to stand when the judge walks into the courtroom.
52,You see a girl repeatedly interrupting her teacher as he explains a new concept.
53,You see a woman spray painting graffiti across the steps of the local courthouse.
54,You see an intern disobeying an order to dress professionally and comb his hair.
55,You see a man turn his back and walk away while his boss questions his work.
56,You see a staff member talking loudly and interrupting the mayor's speech to the public.
57,You see a teenage girl coming home late and ignoring her parents' strict curfew.
58,You see a boy spray-painting anarchy symbols on the side of the police station.
59,You see an employee trying to undermine all of her boss' ideas in front of others.
60,You see a teaching assistant talking back to the teacher in front of the classrom.
61,You see a group of women having a long and loud conversation during a church sermon.
62,You see a star player ignoring her coach's order to come to the bench during a game.
63,You see a player publicly yelling at his soccer coach during a playoff game.
64,You see a man secretly watching sports on his cell phone during a pastor's sermon.
65,You see a boy turning up the TV as his father talks about his military service.
66,You see a student stating that her professor is a fool during an afternoon class.
67,You see a man having sex with a frozen chicken before cooking it for dinner.
68,You see a very drunk woman making out with multiple strangers on the city bus.
69,You see a family eating the carcass of their pet dog that had been run over.
70,You see a drunk elderly man offering to have oral sex with anyone in the bar.
71,You see a teenager urinating in the wave pool at a crowded amusement park.
72,You see a man in a bar using his phone to watch people having sex with animals.
73,You see a teenage male in a dorm bathroom secretly using a stranger's toothbrush.
74,You see a woman having intimate relations with a recently deceased loved one.
75,You see a homosexual in a gay bar offering sex to anyone who buys him a drink.
76,You see an employee at a morgue eating his pepperoni pizza off of a dead body.
77,You see a girl and her sister making out with each other just for practice.
78,You see a story about a remote tribe eating the flesh of their deceased members.
79,You see a woman burping and farting loudly while eating at a fast food truck.
80,You see a man searching through the trash to find women's discarded underwear.
81,You see two first cousins getting married to each other in an elaborate wedding.
82,You see a single man ordering an inflatable sex doll that looks like his secretary.
83,You see a college student drinking until she vomits on herself and falls asleep.
84,You see a man telling his fiance that she has to switch to his political party.
85,You see a father requiring his son to become a commercial airline pilot like him.
86,You see a man blocking his wife from leaving home or interacting with others.
87,You see a manager coercing her employees into eating at her brother's diner.
88,You see a man telling his girlfriend that she must convert to his religion.
89,You see a mother telling her son that she is going to choose all of his friends.
90,You see a man forbidding his wife to wear clothing that he has not first approved.
91,You see a boss ordering an employee to revoke his citizenship in his home country.
92,You see a boss pressuring employees to buy goods from her family's general store.
93,You see a woman pressuring her daughter to become a famous evening news anchor.
94,You see a public leader on TV trying to ban the wearing of hooded sweatshirts.
95,You see a mother forcing her daughter to enroll as a pre-med student in college.
96,You see a father requiring his son to take up the family restaurant business.
97,You see a teacher ordering a student to get a normal haircut before coming to class.
98,You see a teenager at a cafeteria forcing a younger student to pay for her lunch.
99,You see a mayor trying to ban people from hugging and kissing in public in his city.
100,You see a pastor banning his congregants from wearing bright colors in the church.
101,You see someone using an old rotary phone and refusing to go buy a new one.
102,You see a man staying inside his home with the shades drawn on a rare sunny day.
103,You see a woman drinking her entire cup of coffee using a stirring spoon.
104,You see a woman eating dessert before her main entree arrives on the table.
105,You see a woman continuing to wear a large sun hat inside her apartment complex.
106,You see someone at the school gym lifting free weights in nice business clothes.
107,You see a man eating a bowl of cereal in the morning with water instead of milk.
108,You see a woman using a fork to eat a bowl of vanilla ice cream and marshmallows.
109,You see a man putting ketchup all over his chicken Caesar salad while at lunch.
110,You see a man wearing clothes that are clearly several sizes too big for his body.
111,You see a man walking down a dark hallway while still wearing his sunglasses.
112,You see someone driving around in a dirty car that has not been washed recently.
113,You see a woman watching a game on television in black-and-white instead of color.
114,You see someone reading the ending of a spy novel before reading the beginning.
115,You see a teenage girl wearing a long trench coat on a hot summer afternoon.
116,"You see a woman answering a phone call with the word ""goodbye"" instead of ""hello."
